Title,Score,Author,Downs,Ups,URL
Del Mar gun show draws 8-10K enthusiasts and 80 protesters,19,GOPUSA,0,19,http://www.gopusa.com/del-mar-gun-show-draws-8-10k-enthusiasts-and-80-protesters/
Rubio upset that McCabe fired before retirement,7,GOPUSA,0,7,http://www.gopusa.com/rubio-upset-that-mccabe-fired-before-retirement/
"McCain, Graham defend Mueller, ‰Û÷critical‰Ûª he completes probe",4,GOPUSA,0,4,http://www.gopusa.com/mccain-graham-defend-mueller-critical-he-completes-probe/
Andrew McCabe‰Ûªs ‰Û÷lack of candor‰Ûª a serious FBI breach,3,GOPUSA,0,3,http://www.gopusa.com/andrew-mccabes-lack-of-candor-a-serious-fbi-breach/
Anti-Trump Flake says firing of Mueller ‰Û÷massive red line that can‰Ûªt be crossed‰Ûª,1,GOPUSA,0,1,http://www.gopusa.com/anti-trump-flake-says-firing-of-mueller-massive-red-line-that-cant-be-crossed/
Support Republican Michael Screnock! (WI Supreme Court - April 3rd!),10,Drumpistani,0,10,https://www.judgescrenock.com/
Minn. student holding pro-gun sign escorted off campus during walkout,13,GOPUSA,0,13,http://www.gopusa.com/minn-student-holding-pro-gun-sign-escorted-off-campus-during-walkout/
Sessions Fires Former FBI Deputy Director McCabe,4,GOPUSA,0,4,http://www.gopusa.com/sessions-fires-former-fbi-deputy-director-mccabe/
"Ga. parents furious after 7-year-old, ‰Û÷the only white girl in her class,‰Ûª cast to play supremacist",22,GOPUSA,0,22,http://www.gopusa.com/ga-parents-furious-after-7-year-old-the-only-white-girl-in-her-class-cast-to-play-supremacist/
Teacher placed on leave after asking if schools would support pro-life walkout,20,GOPUSA,0,20,http://www.gopusa.com/teacher-placed-on-leave-after-asking-if-schools-would-support-pro-life-walkout/
Nancy Pelosi complains border wall prototypes too ‰Û÷high‰Ûª for ‰Û÷civilized society‰Ûª,0,GOPUSA,0,0,http://www.gopusa.com/nancy-pelosi-complains-border-wall-prototypes-too-high-for-civilized-society/
"Marco Rubio: To Fight China on Trade, We Need More Than Tariffs",8,BudrickBundy,0,8,https://www.nytimes.com/2018/03/13/opinion/rubio-china-trade-tariffs.html
House Intel finds 'no evidence of collusion' between Trump campaign and Russia,8,jesse11551,0,8,https://www.google.com/amp/www.foxnews.com/politics/2018/03/12/house-intel-finds-no-evidence-collusion-between-trump-campaign-and-russia.amp.html
Trump to meet with rocketman,26,jesse11551,0,26,https://i.redd.it/knugwdg3nnk01.jpg
Here are the details on Trump's tariffs on steel and aluminum,9,BudrickBundy,0,9,https://www.marketwatch.com/story/here-are-the-details-on-trumps-tariffs-on-steel-and-aluminum-2018-03-08
The Texas blue wave is failing as expected,17,jesse11551,0,17,https://www.dailywire.com/news/27946/narrative-fail-blue-wave-meets-red-wall-texas-ryan-saavedra
Judge rules DACA phaseout legal,18,jesse11551,0,18,https://m.washingtontimes.com/news/2018/mar/5/trump-daca-phaseout-legal-judge-rules/
"Full 1 hour interview with Devin Nunes on Life, Liberty, and Levin.",7,jesse11551,0,7,https://m.youtube.com/watch?v=hgmjrumIDas&feature=youtu.be
Every Republican President In Under 60 Seconds,5,Ludddi,0,5,https://www.youtube.com/watch?v=dyjbuGMWR6c
Wait‰ÛÒDid Trump Just Give Pro-Gun Control Democrats Everything They Wanted?,16,postonrddt,0,16,https://townhall.com/tipsheet/mattvespa/2018/02/28/trumps-meeting-with-congress-on-gun-control-was-a-total-disaster-n2455729
Free Speech vs Guns are at conflict with response decision to ditch the NRA,4,rjsonbeek,0,4,http://www.pluralist.com/posts/165-republicans-and-delta-standoff-is-clash-of-right-wing-values
Trump Is Winning,6,BudrickBundy,0,6,https://www.politico.com/magazine/story/2018/02/25/trump-reelection-2020-approval-ratings-217037
"Are you unhappy because of economic inequality? Occupy DC Protestor: Well, yeah. *sips $5 coffee*",11,Matchboxx,0,11,https://www.youtube.com/watch?v=9txz6_61QnI#t=0m40s
http://www.washingtonexaminer.com/republican-lawmaker-so-many-people-who-commit-mass-murders-end-up-being-democrats/article/2649699,0,Beccaisastar,0,0,http://www.washingtonexaminer.com/republican-lawmaker-so-many-people-who-commit-mass-murders-end-up-being-democrats/article/2649699
Why is the GOP throwing gun owners under the bus over a sheriff? The Sherif's department visited the suspect 39 times over seven years.,21,throwawaysalamitacti,0,21,http://archive.is/QNkTI
"Mitt Romney among celebrities headlining Utah tech summit, talks Russia, North Korea, jobs, innovation",3,UtahAffairsMan,0,3,https://hackernoon.com/the-heavy-hitting-utah-tech-summit-1062dc3d8848
"Take away liberals guns, the country becomes safer. Take away conservatives guns, the country becomes more dangerous.",13,James_Smith1234,0,13,http://i.magaimg.net/img/2nme.jpg
"Bush and Ginsburg Remind How Long Gone Is the Era Of Obama, Clinton & Bushes",1,BudrickBundy,0,1,https://www.nysun.com/national/bush-and-ginsburg-remind-how-long-gone-is-era/90190/
Great Callers: It‰Ûªs Time to Defend Schools,1,BudrickBundy,0,1,https://www.rushlimbaugh.com/daily/2018/02/15/caller-its-time-to-defend-schools/amp/
SHOCK: Internal Dem Polling Shows Trump And GOP On The Rise,11,DEYoungRepublicans,0,11,https://www.dailywire.com/news/27124/shock-internal-dem-polling-shows-trump-and-gop-joseph-curl
"Fueled by Hatred and George Soros, Dems Are Quietly Winning Elections | The Rush Limbaugh Show",1,10gauge,0,1,https://www.rushlimbaugh.com/daily/2018/02/14/fueled-by-hatred-and-russian-interference-dems-quietly-winning-elections/amp/
Discord to mobilize and organize College Republicans across the country. Join today!,4,Vespi3,0,4,https://discord.gg/JaJX4Gd
Ron Paul on Bernie Sanders embracing RussiaGate,1,nutmegstatemedia,0,1,https://youtu.be/cNcg7lNDUxk
Trump proposes restricting choices for food stamp recipients,19,philnotfil,0,19,http://thehill.com/homenews/administration/373507-trump-proposes-restricting-choices-for-food-stamp-recipients
Democrats‰Ûª Immigration Radicalism: The Gift That Keeps on Giving for Donald Trump,11,BudrickBundy,0,11,http://www.nationalreview.com/article/456109/democrats-immigration-mistake-radicalism-helps-trump
THE SAD TRANSFORMATION OF JIMMY KIMMEL IS COMPLETE,2,BudrickBundy,0,2,https://www.hollywoodintoto.com/jimmy-kimmel-transformation-liberal/
Did Obama lie? New texts indicate then-POTUS‰Ûª knowledge in Hillary investigation,11,DEYoungRepublicans,0,11,https://www.conservativereview.com/articles/obama-lie-new-texts-indicate-potus-knowledge-hillary-investigation/
"There has always been a legal route to live in the US, people choose not to take it and POTUS is doing right by US citizens by ending DACA",2,Beccaisastar,0,2,https://www.politico.com/story/2018/02/01/trump-dreamers-label-382705
15 of the Hottest Republicans - A little politics without the politics...,3,Sergeant-Tibbs,0,3,http://fullyloadednews.com/15-of-the-hottest-republicans/
"If You Love Law Enforcement, You Must Criticize FBI Corruption",0,billstherapist,0,0,http://thefederalist.com/2018/02/05/if-you-love-law-enforcement-you-must-criticize-fbi-corruption/
Popularity of Trump Tax Reform Skyrockets as More Americans Realize It Cut Their Taxes,8,BudrickBundy,0,8,http://www.breitbart.com/big-government/2018/01/31/popularity-of-trump-tax-reform-skyrockets-as-more-americans-realize-it-cut-their-taxes/
US Sees Modest Gains in Economic Freedom Under Trump,6,billstherapist,0,6,http://dailysignal.com/2018/02/02/us-sees-modest-gains-in-economic-freedom-under-trump/
House Intel Memo Shows Just How Politicized The Obama Administration Had Become,2,billstherapist,0,2,http://thefederalist.com/2018/02/02/house-intel-memo-shows-just-politicized-obama-administration-become/
Trump first year in office ACCOMPLISHMENT DEEPER THAN WHAT YOU THINK!!!,6,ISAACREALFACT,0,6,https://youtu.be/Ko6jDKLJxA8
Republican voters turn against FBI according to new poll | Telegraph,8,10gauge,0,8,http://www.telegraph.co.uk/news/2018/02/03/republican-voters-turn-against-fbi-according-new-poll/
The Last Two Weeks of Polls Have Been Great for Republicans. Do They Signal a Shift?,13,billstherapist,0,13,https://www.nytimes.com/2018/02/02/upshot/polls-midterm-election-republicans-democrats.html
DACA Solution Must Heed 9/11 Commission Findings,6,billstherapist,0,6,https://www.frontpagemag.com/fpm/269175/daca-solution-must-heed-911-commission-findings-michael-cutler
WSJ Columnist: Would Democrats Fight This Hard To Kill A Memo About A Republican Abusing Wiretaps?,2,billstherapist,0,2,https://townhall.com/tipsheet/mattvespa/2018/02/02/wsj-columnist-would-democrats-fight-this-hard-to-kill-a-memo-about-a-republican-abusing-wiretaps-n2443494
House Memo Details Use of Steele Dossier to Spy on Trump Campaign Adviser,0,BudrickBundy,0,0,http://www.nationalreview.com/article/456079/republican-house-releases-fisa-memo-confirms-steele-dossier-suspicions
Michelle Obama to frightened Americans: 'All we have is hope',0,BudrickBundy,0,0,http://thehill.com/blogs/in-the-know/in-the-know/371776-michelle-obama-to-frightened-americans-all-we-have-is-hope